distance (sum),step,real batch size,p,point,sigma,correct,accuracy,type,points,batch_size,num_iters,alpha,num_batches,lr,cn,epochs,dp,eps,optimizer,dataset,model,norm_type,save_freq,save_name,res_name,gamma,dec_lr,id,seed,overwrite,poisson_train,stage,reduction,exp,less_point
0.0008245467,0,10,0.0042666666666666,2,0.57891845703125,0,0.1713,0.0,2,256,20,8,100,0.1,1,40,1,10,sgd,MNIST,lenet,gn,100,ckpt4,res4,,,,24,0,1,0.0,sum,eps_delta,0
0.0039062481373548,200,10,0.0042666666666666,2,0.57891845703125,1,0.4647,0.025,2,256,20,8,100,0.1,1,40,1,10,sgd,MNIST,lenet,gn,100,ckpt4,res4,,,,24,0,1,0.025,sum,eps_delta,0
0.0039062476716935,500,10,0.0042666666666666,2,0.57891845703125,0,0.5586,0.05,2,256,20,8,100,0.1,1,40,1,10,sgd,MNIST,lenet,gn,100,ckpt4,res4,,,,24,0,1,0.05,sum,eps_delta,0
0.0039062518626451,700,10,0.0042666666666666,2,0.57891845703125,0,0.4928,0.075,2,256,20,8,100,0.1,1,40,1,10,sgd,MNIST,lenet,gn,100,ckpt4,res4,,,,24,0,1,0.075,sum,eps_delta,0
0.0035622050054371,900,10,0.0042666666666666,2,0.57891845703125,1,0.4974,0.1,2,256,20,8,100,0.1,1,40,1,10,sgd,MNIST,lenet,gn,100,ckpt4,res4,,,,24,0,1,0.1,sum,eps_delta,0
1.8374461433268152e-05,1200,10,0.0042666666666666,2,0.57891845703125,1,0.5153,0.125,2,256,20,8,100,0.1,1,40,1,10,sgd,MNIST,lenet,gn,100,ckpt4,res4,,,,24,0,1,0.125,sum,eps_delta,0
0.0039062611758708,1400,10,0.0042666666666666,2,0.57891845703125,0,0.5131,0.15,2,256,20,8,100,0.1,1,40,1,10,sgd,MNIST,lenet,gn,100,ckpt4,res4,,,,24,0,1,0.15,sum,eps_delta,0
0.003906256519258,1600,10,0.0042666666666666,2,0.57891845703125,1,0.468,0.175,2,256,20,8,100,0.1,1,40,1,10,sgd,MNIST,lenet,gn,100,ckpt4,res4,,,,24,0,1,0.175,sum,eps_delta,0
0.0039062476716935,1900,10,0.0042666666666666,2,0.57891845703125,0,0.4581,0.2,2,256,20,8,100,0.1,1,40,1,10,sgd,MNIST,lenet,gn,100,ckpt4,res4,,,,24,0,1,0.2,sum,eps_delta,0
0.00390625,2100,10,0.0042666666666666,2,0.57891845703125,0,0.5148,0.225,2,256,20,8,100,0.1,1,40,1,10,sgd,MNIST,lenet,gn,100,ckpt4,res4,,,,24,0,1,0.225,sum,eps_delta,0
4.054020337207476e-06,2300,10,0.0042666666666666,2,0.57891845703125,1,0.5337,0.25,2,256,20,8,100,0.1,1,40,1,10,sgd,MNIST,lenet,gn,100,ckpt4,res4,,,,24,0,1,0.25,sum,eps_delta,0
4.5850523378021535e-10,2600,10,0.0042666666666666,2,0.57891845703125,1,0.5167,0.275,2,256,20,8,100,0.1,1,40,1,10,sgd,MNIST,lenet,gn,100,ckpt4,res4,,,,24,0,1,0.275,sum,eps_delta,0
6.296014146613479e-20,2800,10,0.0042666666666666,2,0.57891845703125,1,0.5398,0.3,2,256,20,8,100,0.1,1,40,1,10,sgd,MNIST,lenet,gn,100,ckpt4,res4,,,,24,0,1,0.3,sum,eps_delta,0
7.904443701141349e-16,3000,10,0.0042666666666666,2,0.57891845703125,1,0.5071,0.325,2,256,20,8,100,0.1,1,40,1,10,sgd,MNIST,lenet,gn,100,ckpt4,res4,,,,24,0,1,0.325,sum,eps_delta,0
0.0039062488358467,3300,10,0.0042666666666666,2,0.57891845703125,0,0.4554,0.35,2,256,20,8,100,0.1,1,40,1,10,sgd,MNIST,lenet,gn,100,ckpt4,res4,,,,24,0,1,0.35,sum,eps_delta,0
3.4486445003954064e-14,3500,10,0.0042666666666666,2,0.57891845703125,1,0.4175,0.375,2,256,20,8,100,0.1,1,40,1,10,sgd,MNIST,lenet,gn,100,ckpt4,res4,,,,24,0,1,0.375,sum,eps_delta,0
0.0,3700,10,0.0042666666666666,2,0.57891845703125,1,0.4634,0.4,2,256,20,8,100,0.1,1,40,1,10,sgd,MNIST,lenet,gn,100,ckpt4,res4,,,,24,0,1,0.4,sum,eps_delta,0
1.0778705185343627e-11,4000,10,0.0042666666666666,2,0.57891845703125,1,0.505,0.425,2,256,20,8,100,0.1,1,40,1,10,sgd,MNIST,lenet,gn,100,ckpt4,res4,,,,24,0,1,0.425,sum,eps_delta,0
3.066172156602308e-19,4200,10,0.0042666666666666,2,0.57891845703125,1,0.5354,0.45,2,256,20,8,100,0.1,1,40,1,10,sgd,MNIST,lenet,gn,100,ckpt4,res4,,,,24,0,1,0.45,sum,eps_delta,0
1.2046505557012818e-22,4400,10,0.0042666666666666,2,0.57891845703125,1,0.5115,0.475,2,256,20,8,100,0.1,1,40,1,10,sgd,MNIST,lenet,gn,100,ckpt4,res4,,,,24,0,1,0.475,sum,eps_delta,0
0.0039062490686774,4600,10,0.0042666666666666,2,0.57891845703125,0,0.5029,0.5,2,256,20,8,100,0.1,1,40,1,10,sgd,MNIST,lenet,gn,100,ckpt4,res4,,,,24,0,1,0.5,sum,eps_delta,0
1.0588848659118416e-14,4900,10,0.0042666666666666,2,0.57891845703125,1,0.4994,0.525,2,256,20,8,100,0.1,1,40,1,10,sgd,MNIST,lenet,gn,100,ckpt4,res4,,,,24,0,1,0.525,sum,eps_delta,0
0.0039062465075403,5100,10,0.0042666666666666,2,0.57891845703125,0,0.5105,0.55,2,256,20,8,100,0.1,1,40,1,10,sgd,MNIST,lenet,gn,100,ckpt4,res4,,,,24,0,1,0.55,sum,eps_delta,0
2.3336794981344122e-17,5300,10,0.0042666666666666,2,0.57891845703125,1,0.5186,0.575,2,256,20,8,100,0.1,1,40,1,10,sgd,MNIST,lenet,gn,100,ckpt4,res4,,,,24,0,1,0.575,sum,eps_delta,0
0.0039062486030161,5600,10,0.0042666666666666,2,0.57891845703125,0,0.5387,0.6,2,256,20,8,100,0.1,1,40,1,10,sgd,MNIST,lenet,gn,100,ckpt4,res4,,,,24,0,1,0.6,sum,eps_delta,0
5.0691363867372274e-05,5800,10,0.0042666666666666,2,0.57891845703125,1,0.5303,0.625,2,256,20,8,100,0.1,1,40,1,10,sgd,MNIST,lenet,gn,100,ckpt4,res4,,,,24,0,1,0.625,sum,eps_delta,0
0.0039062481373548,6000,10,0.0042666666666666,2,0.57891845703125,1,0.5617,0.65,2,256,20,8,100,0.1,1,40,1,10,sgd,MNIST,lenet,gn,100,ckpt4,res4,,,,24,0,1,0.65,sum,eps_delta,0
0.0039062504656612,6300,10,0.0042666666666666,2,0.57891845703125,0,0.5181,0.675,2,256,20,8,100,0.1,1,40,1,10,sgd,MNIST,lenet,gn,100,ckpt4,res4,,,,24,0,1,0.675,sum,eps_delta,0
1.826658262871205e-05,6500,10,0.0042666666666666,2,0.57891845703125,1,0.5554,0.7,2,256,20,8,100,0.1,1,40,1,10,sgd,MNIST,lenet,gn,100,ckpt4,res4,,,,24,0,1,0.7,sum,eps_delta,0
4.499056292447956e-13,6700,10,0.0042666666666666,2,0.57891845703125,1,0.5324,0.725,2,256,20,8,100,0.1,1,40,1,10,sgd,MNIST,lenet,gn,100,ckpt4,res4,,,,24,0,1,0.725,sum,eps_delta,0
0.00390625,7000,10,0.0042666666666666,2,0.57891845703125,0,0.5391,0.75,2,256,20,8,100,0.1,1,40,1,10,sgd,MNIST,lenet,gn,100,ckpt4,res4,,,,24,0,1,0.75,sum,eps_delta,0
0.0039062537252902,7200,10,0.0042666666666666,2,0.57891845703125,0,0.5343,0.775,2,256,20,8,100,0.1,1,40,1,10,sgd,MNIST,lenet,gn,100,ckpt4,res4,,,,24,0,1,0.775,sum,eps_delta,0
0.003906249301508,7400,10,0.0042666666666666,2,0.57891845703125,1,0.5219,0.8,2,256,20,8,100,0.1,1,40,1,10,sgd,MNIST,lenet,gn,100,ckpt4,res4,,,,24,0,1,0.8,sum,eps_delta,0
4.6108530327160224e-09,7700,10,0.0042666666666666,2,0.57891845703125,1,0.5252,0.825,2,256,20,8,100,0.1,1,40,1,10,sgd,MNIST,lenet,gn,100,ckpt4,res4,,,,24,0,1,0.825,sum,eps_delta,0
0.00390625,7900,10,0.0042666666666666,2,0.57891845703125,0,0.5129,0.85,2,256,20,8,100,0.1,1,40,1,10,sgd,MNIST,lenet,gn,100,ckpt4,res4,,,,24,0,1,0.85,sum,eps_delta,0
0.0039062497671693,8100,10,0.0042666666666666,2,0.57891845703125,0,0.495,0.875,2,256,20,8,100,0.1,1,40,1,10,sgd,MNIST,lenet,gn,100,ckpt4,res4,,,,24,0,1,0.875,sum,eps_delta,0
0.0039062462747097,8400,10,0.0042666666666666,2,0.57891845703125,0,0.5178,0.9,2,256,20,8,100,0.1,1,40,1,10,sgd,MNIST,lenet,gn,100,ckpt4,res4,,,,24,0,1,0.9,sum,eps_delta,0
5.7686893484287793e-08,8600,10,0.0042666666666666,2,0.57891845703125,1,0.5142,0.925,2,256,20,8,100,0.1,1,40,1,10,sgd,MNIST,lenet,gn,100,ckpt4,res4,,,,24,0,1,0.925,sum,eps_delta,0
0.00390625,8800,10,0.0042666666666666,2,0.57891845703125,0,0.5176,0.95,2,256,20,8,100,0.1,1,40,1,10,sgd,MNIST,lenet,gn,100,ckpt4,res4,,,,24,0,1,0.95,sum,eps_delta,0
0.0039062486030161,9100,10,0.0042666666666666,2,0.57891845703125,0,0.5396,0.975,2,256,20,8,100,0.1,1,40,1,10,sgd,MNIST,lenet,gn,100,ckpt4,res4,,,,24,0,1,0.975,sum,eps_delta,0
8.831778472995211e-07,9300,10,0.0042666666666666,2,0.57891845703125,1,0.5386,1.0,2,256,20,8,100,0.1,1,40,1,10,sgd,MNIST,lenet,gn,100,ckpt4,res4,,,,24,0,1,1.0,sum,eps_delta,0
